semantic_group,canonical_key,source_key,transform,source_count
"LAB_VALUES","lab_test","test","none",164
"LAB_VALUES","lab_test","parameter","none",87
"LAB_VALUES","lab_test","lab","none",70
"LAB_VALUES","lab_test","lab_test","none",29
"LAB_VALUES","lab_test","lab_name","none",5
"LAB_VALUES","lab_test","lab_tests","none",9
"LAB_VALUES","lab_test","tests","none",20
"LAB_VALUES","lab_test","parameters","none",19
"LAB_VALUES","lab_test","labs","none",15
"LAB_VALUES","lab_test","lab_value","none",8
"LAB_VALUES","lab_test","lab_measure","none",3
"LAB_VALUES","lab_test","measure","none",4
"LAB_VALUES","lab_test","lab_requirement","none",4
"LAB_VALUES","lab_test","lab_requirements","none",3
"LAB_VALUES","unit","unit","none",395
"LAB_VALUES","unit","units","none",2
"LAB_VALUES","operator","operator","none",101
"LAB_VALUES","operator","comparison","none",13
"LAB_VALUES","operator","relative_to","none",8
"LAB_VALUES","anc_min","anc_min","none",138
"LAB_VALUES","anc_min","neutrophil_min","none",10
"LAB_VALUES","anc_min","neutrophils_min","none",9
"LAB_VALUES","anc_min","granulocyte_min","none",8
"LAB_VALUES","anc_min","granulocytes_min","none",2
"LAB_VALUES","anc_min","neutrophil_count_min","none",3
"LAB_VALUES","anc_min","anc_minimum","none",4
"LAB_VALUES","anc_min","min_anc","none",2
"LAB_VALUES","anc_min","anc_min_per_ul","none",8
"LAB_VALUES","anc_min","anc_min_per_mm3","none",4
"LAB_VALUES","anc_min","anc_min_gpl","none",2
"LAB_VALUES","anc_min","anc_min_mcl","none",2
"LAB_VALUES","anc_min","ANC_min","none",3
"LAB_VALUES","anc_min","anc","none",4
"LAB_VALUES","hemoglobin_min","hemoglobin_min","none",115
"LAB_VALUES","hemoglobin_min","hemoglobin_min_g_dl","none",31
"LAB_VALUES","hemoglobin_min","hemoglobin_min_g_dL","none",4
"LAB_VALUES","hemoglobin_min","hemoglobin_min_gm_dl","none",3
"LAB_VALUES","hemoglobin_min","hemoglobin_min_gdl","none",2
"LAB_VALUES","hemoglobin_min","hemoglobin_min_g_per_dl","none",2
"LAB_VALUES","hemoglobin_min","hemoglobin_min_mmol_l","none",4
"LAB_VALUES","hemoglobin_min","hemoglobin_min_female","none",3
"LAB_VALUES","hemoglobin_min","hemoglobin_min_male","none",3
"LAB_VALUES","hemoglobin_min","hemoglobin_min_female_g_dl","none",2
"LAB_VALUES","hemoglobin_min","hemoglobin_min_male_g_dl","none",2
"LAB_VALUES","hemoglobin_min","min_hemoglobin","none",2
"LAB_VALUES","hemoglobin_max","hemoglobin_max","none",7
"LAB_VALUES","hemoglobin_max","hemoglobin_max_g_dl","none",6
"LAB_VALUES","platelets_min","platelets_min","none",112
"LAB_VALUES","platelets_min","platelet_min","none",64
"LAB_VALUES","platelets_min","platelet_count_min","none",9
"LAB_VALUES","platelets_min","min_platelets","none",4
"LAB_VALUES","platelets_min","min_platelet_count","none",2
"LAB_VALUES","platelets_min","platelet_minimum","none",4
"LAB_VALUES","platelets_min","platelets_min_per_mm3","none",8
"LAB_VALUES","platelets_min","platelets_min_per_ul","none",6
"LAB_VALUES","platelets_min","platelets_min_mcl","none",2
"LAB_VALUES","platelets_min","platelets_min_10_9_l","none",2
"LAB_VALUES","platelets_min","platelets_min_10_9_per_l","none",3
"LAB_VALUES","platelets_min","platelets_min_k","none",2
"LAB_VALUES","platelets_min","platelet_min_per_ul","none",3
"LAB_VALUES","creatinine_max","creatinine_max","none",71
"LAB_VALUES","creatinine_max","serum_creatinine_max","none",9
"LAB_VALUES","creatinine_max","creatinine_max_uln","none",34
"LAB_VALUES","creatinine_max","creatinine_max_mg_dl","none",13
"LAB_VALUES","creatinine_max","creatinine_max_mg_dL","none",2
"LAB_VALUES","creatinine_max","creatinine_max_umol_l","none",2
"LAB_VALUES","creatinine_max","creatinine_max_umol","none",2
"LAB_VALUES","creatinine_max","creatinine_max_ulm","none",3
"LAB_VALUES","creatinine_max","creatinine_max_ulnx","none",2
"LAB_VALUES","creatinine_max","creatinine_max_ULN","none",2
"LAB_VALUES","creatinine_max","creatinine_max_multiplier","none",4
"LAB_VALUES","creatinine_max","creatinine_uln_max","none",4
"LAB_VALUES","creatinine_max","creatinine_max_multiple_uln","none",3
"LAB_VALUES","creatinine_max","creatinine_max_uln_multiple","none",2
"LAB_VALUES","creatinine_max","creatinine_maximum_uln_multiple","none",3
"LAB_VALUES","creatinine_max","creatinine_max_mg_percent","none",2
"LAB_VALUES","creatinine_max","creatinine_max_times_uln","none",2
"LAB_VALUES","creatinine_max","serum_creatinine_max_mg_dl","none",3
"LAB_VALUES","creatinine_max","serum_creatinine_max_uln","none",2
"LAB_VALUES","creatinine_max","serum_creatinine_max_multiple","none",2
"LAB_VALUES","creatinine_clearance_min","creatinine_clearance_min","none",84
"LAB_VALUES","creatinine_clearance_min","creatinine_clearance_min_ml_min","none",20
"LAB_VALUES","creatinine_clearance_min","creatinine_clearance_min_ml_per_min","none",4
"LAB_VALUES","creatinine_clearance_min","crcl_min","none",8
"LAB_VALUES","creatinine_clearance_min","crcl_min_ml_min","none",2
"LAB_VALUES","creatinine_clearance_min","min_creatinine_clearance","none",3
"LAB_VALUES","creatinine_clearance_min","min_creatinine_clearance_ml_min","none",3
"LAB_VALUES","creatinine_clearance_min","min_creatinine_clearance_mL_min","none",2
"LAB_VALUES","creatinine_clearance_min","creatinine_clearance_minimum","none",2
"LAB_VALUES","creatinine_clearance_min","or_creatinine_clearance_min","none",5
"LAB_VALUES","bilirubin_max","bilirubin_max","none",64
"LAB_VALUES","bilirubin_max","bilirubin_max_uln","none",52
"LAB_VALUES","bilirubin_max","bilirubin_max_ulm","none",6
"LAB_VALUES","bilirubin_max","bilirubin_max_ulnx","none",4
"LAB_VALUES","bilirubin_max","bilirubin_max_ULN","none",3
"LAB_VALUES","bilirubin_max","bilirubin_max_mg_dl","none",7
"LAB_VALUES","bilirubin_max","bilirubin_max_mg_percent","none",2
"LAB_VALUES","bilirubin_max","bilirubin_max_multiplier","none",5
"LAB_VALUES","bilirubin_max","bilirubin_max_times_uln","none",3
"LAB_VALUES","bilirubin_max","bilirubin_max_uln_multiple","none",2
"LAB_VALUES","bilirubin_max","bilirubin_max_uln_multiplier","none",2
"LAB_VALUES","bilirubin_max","bilirubin_max_standard","none",2
"LAB_VALUES","bilirubin_max","bilirubin_max_ulc","none",2
"LAB_VALUES","bilirubin_max","bilirubin_uln_max","none",5
"LAB_VALUES","bilirubin_max","bilirubin_uln","none",2
"LAB_VALUES","bilirubin_max","bilirubin_max_exception","none",2
"LAB_VALUES","bilirubin_max","bilirubin_max_gilberts","none",3
"LAB_VALUES","bilirubin_max","bilirubin_normal","none",2
"LAB_VALUES","bilirubin_max","total_bilirubin_max","none",5
"LAB_VALUES","bilirubin_max","serum_bilirubin_max","none",2
"LAB_VALUES","ast_max","ast_max","none",13
"LAB_VALUES","ast_max","ast_max_uln","none",27
"LAB_VALUES","ast_max","ast_max_ulm","none",5
"LAB_VALUES","ast_max","ast_max_times_uln","none",3
"LAB_VALUES","ast_max","ast_uln_max","none",4
"LAB_VALUES","ast_max","sgot_max","none",3
"LAB_VALUES","ast_max","sgot_max_uln","none",8
"LAB_VALUES","ast_max","sgot_max_ulm","none",2
"LAB_VALUES","ast_max","ast_max_multiple","none",2
"LAB_VALUES","ast_max","ast_max_with_liver_mets","none",2
"LAB_VALUES","alt_max","alt_max","none",12
"LAB_VALUES","alt_max","alt_max_uln","none",26
"LAB_VALUES","alt_max","alt_max_ulm","none",4
"LAB_VALUES","alt_max","alt_max_times_uln","none",3
"LAB_VALUES","alt_max","alt_uln_max","none",4
"LAB_VALUES","alt_max","sgpt_max","none",2
"LAB_VALUES","alt_max","sgpt_max_uln","none",3
"LAB_VALUES","alt_max","alt_max_multiple","none",2
"LAB_VALUES","alt_max","alt_max_with_liver_mets","none",2
"LAB_VALUES","ast_alt_max","ast_alt_max","none",22
"LAB_VALUES","ast_alt_max","ast_alt_max_uln","none",18
"LAB_VALUES","ast_alt_max","ast_alt_max_ulnx","none",5
"LAB_VALUES","ast_alt_max","ast_alt_max_x_uln","none",5
"LAB_VALUES","ast_alt_max","ast_alt_max_ULN","none",4
"LAB_VALUES","ast_alt_max","ast_alt_max_uln_multiplier","none",3
"LAB_VALUES","ast_alt_max","ast_alt_max_uln_multiple","none",2
"LAB_VALUES","ast_alt_max","ast_alt_max_times_uln","none",2
"LAB_VALUES","ast_alt_max","ast_alt_max_multiplier","none",3
"LAB_VALUES","ast_alt_max","ast_alt_max_with_liver_mets","none",5
"LAB_VALUES","ast_alt_max","ast_alt_max_without_liver_mets","none",2
"LAB_VALUES","ast_alt_max","ast_alt_max_no_mets","none",2
"LAB_VALUES","ast_alt_max","ast_alt_max_with_mets","none",2
"LAB_VALUES","ast_alt_max","ast_alt_max_ulnx_with_liver_mets","none",2
"LAB_VALUES","ast_alt_max","ast_alt_max_uln_with_liver_mets","none",3
"LAB_VALUES","ast_alt_max","ast_alt_max_standard","none",2
"LAB_VALUES","ast_alt_max","alt_ast_max","none",9
"LAB_VALUES","ast_alt_max","alt_ast_max_uln","none",4
"LAB_VALUES","ast_alt_max","alt_ast_uln_max","none",2
"LAB_VALUES","ast_alt_max","alt_ast_max_multiplier","none",2
"LAB_VALUES","ast_alt_max","transaminases_max","none",2
"LAB_VALUES","ast_alt_max","transaminases_max_uln","none",2
"LAB_VALUES","alp_max","alp_max","none",5
"LAB_VALUES","alp_max","alp_max_uln","none",7
"LAB_VALUES","alp_max","alp_max_ulm","none",2
"LAB_VALUES","alp_max","alp_uln_max","none",3
"LAB_VALUES","alp_max","alp_uln","none",2
"LAB_VALUES","alp_max","alk_phos_max","none",4
"LAB_VALUES","alp_max","alk_phos_max_uln","none",3
"LAB_VALUES","alp_max","alk_phos_max_times_uln","none",2
"LAB_VALUES","alp_max","alkaline_phosphatase_max_uln","none",8
"LAB_VALUES","alp_max","alkaline_phosphatase_max_multiplier","none",2
"LAB_VALUES","alp_max","alkaline_phosphatase_max_x_uln","none",2
"LAB_VALUES","wbc_min","wbc_min","none",33
"LAB_VALUES","wbc_min","leukocytes_min","none",6
"LAB_VALUES","wbc_min","wbc_min_per_mm3","none",2
"LAB_VALUES","wbc_min","wbc_min_k","none",2
"LAB_VALUES","wbc_max","wbc_max","none",8
"LAB_VALUES","albumin_min","albumin_min","none",18
"LAB_VALUES","albumin_min","albumin_min_g_dl","none",6
"LAB_VALUES","albumin_min","albumin_min_g_l","none",2
"LAB_VALUES","inr_max","inr_max","none",18
"LAB_VALUES","inr_max","inr_max_uln","none",3
"LAB_VALUES","gfr_min","gfr_min","none",6
"LAB_VALUES","gfr_min","egfr_min","none",8
"LAB_VALUES","gfr_min","egfr_min_ml_min","none",2
"LAB_VALUES","proteinuria_max","proteinuria_max","none",5
"LAB_VALUES","proteinuria_max","upc_ratio_max","none",17
"LAB_VALUES","proteinuria_max","urine_protein_creatinine_max","none",7
"LAB_VALUES","proteinuria_max","protein_creatinine_ratio_max","none",6
"LAB_VALUES","proteinuria_max","max_urine_protein_creatinine_ratio","none",3
"LAB_VALUES","proteinuria_max","upc_max","none",2
"LAB_VALUES","proteinuria_max","upc_ratio_threshold","none",2
"LAB_VALUES","proteinuria_max","proteinuria_ratio_max","none",2
"LAB_VALUES","proteinuria_max","urine_protein_24h_max","none",2
"LAB_VALUES","proteinuria_max","urine_protein_max","none",4
"LAB_VALUES","proteinuria_max","proteinuria_threshold","none",3
"LAB_VALUES","lymphocyte_min","lymphocyte_min","none",12
"LAB_VALUES","lymphocyte_min","lymphocyte_min_per_ul","none",3
"LAB_VALUES","lymphocyte_min","lymphocyte_count_min","none",2
"LAB_VALUES","hematocrit_min","hematocrit_min","none",6
"LAB_VALUES","hematocrit_min","hct_min","none",3
"LAB_VALUES","lvef_min","lvef_min","none",8
"LAB_VALUES","lvef_min","ejection_fraction_min","none",2
"LAB_VALUES","lvef_min","min_lvef_percent","none",2
"LAB_VALUES","lvef_min","lvef_min_percent","none",2
"LAB_VALUES","hba1c_max","hba1c_max","none",4
"LAB_VALUES","hba1c_max","hba1c_max_percent","none",2
"LAB_VALUES","min_value","min_value","none",82
"LAB_VALUES","min_value","minimum","none",15
"LAB_VALUES","min_value","minimum_value","none",9
"LAB_VALUES","min_value","min","none",8
"LAB_VALUES","max_value","max_value","none",57
"LAB_VALUES","max_value","maximum","none",7
"LAB_VALUES","max_value","maximum_value","none",2
"LAB_VALUES","max_value","max","none",10
"LAB_VALUES","max_value","threshold","none",26
"LAB_VALUES","max_value","max_value_multiple","none",11
"LAB_VALUES","max_value","max_value_uln","none",7
"LAB_VALUES","max_value","max_multiplier","none",6
"LAB_VALUES","max_value","max_uln_multiple","none",5
"LAB_VALUES","max_value","max_uln_multiplier","none",3
"LAB_VALUES","max_value","max_multiple_of_uln","none",4
"LAB_VALUES","max_value","max_value_multiple_with_mets","none",2
"LAB_VALUES","max_value","maximum_multiplier","none",7
"LAB_VALUES","max_value","max_value_liver_mets","none",2
"LAB_VALUES","max_value","metastatic_exception_uln","none",2
"LAB_VALUES","max_value","max_multiple_of_normal","none",2
"LAB_VALUES","reference","reference","none",27
"LAB_VALUES","gilbert_exception","gilbert_syndrome_exception","none",4
"LAB_VALUES","gilbert_exception","gilberts_exception","none",3
"LAB_VALUES","gilbert_exception","gilbert_disease_exception","none",2
"LAB_VALUES","timing_days","timeframe","none",11
"LAB_VALUES","timing_days","labs_timing_days","none",10
"LAB_VALUES","timing_days","timing","none",8
"LAB_VALUES","timing_days","timing_days","none",5
"LAB_VALUES","timing_days","lab_window_days","none",7
"LAB_VALUES","timing_days","time_window_days","none",3
"LAB_VALUES","timing_days","timeline","none",3
"LAB_VALUES","timing_days","lab_timing_days","none",2
"LAB_VALUES","timing_days","labs_days","none",2
"LAB_VALUES","timing_days","test_window_days","none",2
"LAB_VALUES","condition","condition","none",28
"LAB_VALUES","condition","conditions","none",3
"LAB_VALUES","condition","excluded_condition","none",11
"LAB_VALUES","condition","excluded_conditions","none",11
"LAB_VALUES","condition","excludes","none",6
"LAB_VALUES","condition","excluded","none",8
"LAB_VALUES","exception","exception","none",27
"LAB_VALUES","exception","exceptions","none",8
"LAB_VALUES","requirement","requirement","none",39
"LAB_VALUES","requirement","organ_function","none",7
"LAB_VALUES","requirement","organ_function_required","none",2
"LAB_VALUES","requirement","adequate_organ_function_required","none",3
"LAB_VALUES","requirement","adequate_organ_function","none",2
"LAB_VALUES","requirement","lab_requirement","none",4
"LAB_VALUES","requirement","requires","none",3
"LAB_VALUES","requirement","adequate_function_required","none",2
"LAB_VALUES","requirement","normal_lab_values_required","none",3
"LAB_VALUES","requirement","adequate_renal_function_required","none",2
"LAB_VALUES","requirement","renal_function_adequate","none",3
"LAB_VALUES","requirement","hematologic_function_required","none",2
"LAB_VALUES","requirement","hematologic_function","none",2
"LAB_VALUES","requirement","hepatic_function","none",2
"LAB_VALUES","requirement","bone_marrow_adequate","none",2
"PRIOR_TREATMENT","washout_days","washout_days","none",323
"PRIOR_TREATMENT","washout_days","lookback_days","none",11
"PRIOR_TREATMENT","washout_days","timing_days","none",13
"PRIOR_TREATMENT","washout_days","timeframe_days","none",19
"PRIOR_TREATMENT","washout_days","days_back","none",8
"PRIOR_TREATMENT","washout_days","days","none",7
"PRIOR_TREATMENT","washout_days","days_prior","none",3
"PRIOR_TREATMENT","washout_days","days_before_screening","none",7
"PRIOR_TREATMENT","washout_days","days_since","none",5
"PRIOR_TREATMENT","washout_days","investigational_drug_washout_days","none",8
"PRIOR_TREATMENT","washout_days","chemotherapy_washout_days","none",5
"PRIOR_TREATMENT","washout_days","radiation_washout_days","none",4
"PRIOR_TREATMENT","washout_days","hormonal_therapy_washout_days","none",2
"PRIOR_TREATMENT","washout_days","investigational_therapy_washout_days","none",3
"PRIOR_TREATMENT","washout_days","investigational_agent_washout_days","none",3
"PRIOR_TREATMENT","washout_days","anticancer_agent_washout_days","none",2
"PRIOR_TREATMENT","washout_days","anticancer_therapy_washout_days","none",2
"PRIOR_TREATMENT","washout_days","radiotherapy_washout_days","none",3
"PRIOR_TREATMENT","washout_days","antibody_therapy_washout_days","none",2
"PRIOR_TREATMENT","washout_days","surgery_washout_days","none",2
"PRIOR_TREATMENT","washout_days","major_surgery_washout_days","none",2
"PRIOR_TREATMENT","washout_days","autologous_sct_washout_days","none",2
"PRIOR_TREATMENT","washout_days","car_t_washout_days","none",3
"PRIOR_TREATMENT","washout_days","investigational_washout_days","none",2
"PRIOR_TREATMENT","washout_days","concurrent_trial_days","none",2
"PRIOR_TREATMENT","washout_days","days_since_radiation","none",2
"PRIOR_TREATMENT","washout_days","days_since_chemotherapy","none",2
"PRIOR_TREATMENT","washout_days","time_days","none",2
"PRIOR_TREATMENT","washout_days","max_days_since","none",2
"PRIOR_TREATMENT","washout_days","washout_period_days","none",17
"PRIOR_TREATMENT","washout_days","washout_weeks","weeks_to_days",147
"PRIOR_TREATMENT","washout_days","lookback_weeks","weeks_to_days",16
"PRIOR_TREATMENT","washout_days","timeframe_weeks","weeks_to_days",23
"PRIOR_TREATMENT","washout_days","exclusion_timing_weeks","weeks_to_days",10
"PRIOR_TREATMENT","washout_days","investigational_drug_washout_weeks","weeks_to_days",3
"PRIOR_TREATMENT","washout_days","immunosuppressive_washout_weeks","weeks_to_days",3
"PRIOR_TREATMENT","washout_days","radiotherapy_washout_weeks","weeks_to_days",2
"PRIOR_TREATMENT","washout_days","radiation_washout_weeks","weeks_to_days",2
"PRIOR_TREATMENT","washout_days","washout_period_weeks","weeks_to_days",4
"PRIOR_TREATMENT","washout_days","investigational_timing_weeks","weeks_to_days",2
"PRIOR_TREATMENT","washout_days","concurrent_study_washout_weeks","weeks_to_days",2
"PRIOR_TREATMENT","washout_days","investigational_washout_weeks","weeks_to_days",2
"PRIOR_TREATMENT","washout_days","recent_surgery_exclusion_weeks","weeks_to_days",2
"PRIOR_TREATMENT","washout_days","dmard_washout_weeks","weeks_to_days",2
"PRIOR_TREATMENT","washout_days","weeks_prior","weeks_to_days",3
"PRIOR_TREATMENT","washout_days","nitrosoureas_mitomycin_within_weeks","weeks_to_days",2
"PRIOR_TREATMENT","washout_days","therapeutic_antibiotics_weeks","weeks_to_days",2
"PRIOR_TREATMENT","washout_days","stability_weeks","weeks_to_days",5
"PRIOR_TREATMENT","washout_days","stable_weeks","weeks_to_days",4
"PRIOR_TREATMENT","washout_days","min_stable_weeks","weeks_to_days",3
"PRIOR_TREATMENT","washout_days","investigational_therapy_washout_weeks","weeks_to_days",1
"PRIOR_TREATMENT","washout_days","washout_months","months_to_days",153
"PRIOR_TREATMENT","washout_days","lookback_months","months_to_days",31
"PRIOR_TREATMENT","washout_days","timeframe_months","months_to_days",25
"PRIOR_TREATMENT","washout_days","timing_months","months_to_days",8
"PRIOR_TREATMENT","washout_days","exclusion_timing_months","months_to_days",8
"PRIOR_TREATMENT","washout_days","months_lookback","months_to_days",3
"PRIOR_TREATMENT","washout_days","washout_period_months","months_to_days",3
"PRIOR_TREATMENT","washout_days","months_prior","months_to_days",2
"PRIOR_TREATMENT","washout_days","biologic_washout_months","months_to_days",2
"PRIOR_TREATMENT","washout_days","time_since_treatment_months","months_to_days",2
"PRIOR_TREATMENT","washout_days","time_window_months","months_to_days",2
"PRIOR_TREATMENT","washout_days","months_since","months_to_days",2
"PRIOR_TREATMENT","washout_days","anti_cd20_washout_months","months_to_days",2
"PRIOR_TREATMENT","washout_days","washout_years","years_to_days",7
"PRIOR_TREATMENT","washout_days","lookback_years","years_to_days",4
"PRIOR_TREATMENT","washout_days","timeframe_years","years_to_days",4
"PRIOR_TREATMENT","washout_half_lives","washout_half_lives","none",14
"PRIOR_TREATMENT","washout_half_lives","lookback_half_lives","none",5
"PRIOR_TREATMENT","washout_half_lives","or_half_lives","none",5
"PRIOR_TREATMENT","washout_half_lives","investigational_therapy_washout_half_lives","none",2
"PRIOR_TREATMENT","drug","drug","none",65
"PRIOR_TREATMENT","drug","medication","none",53
"PRIOR_TREATMENT","drug","prior_therapy","none",66
"PRIOR_TREATMENT","drug","therapy","none",50
"PRIOR_TREATMENT","drug","therapy_type","none",40
"PRIOR_TREATMENT","drug","agent","none",4
"PRIOR_TREATMENT","drug","agents","none",9
"PRIOR_TREATMENT","drug","prior_drug","none",16
"PRIOR_TREATMENT","drug","prior_treatment","none",31
"PRIOR_TREATMENT","drug","treatment","none",36
"PRIOR_TREATMENT","drug","drug_class","none",12
"PRIOR_TREATMENT","drug","drug_classes","none",6
"PRIOR_TREATMENT","drug","therapy_types","none",12
"PRIOR_TREATMENT","drug","medication_type","none",7
"PRIOR_TREATMENT","drug","medication_class","none",2
"PRIOR_TREATMENT","drug","excluded_drug","none",10
"PRIOR_TREATMENT","drug","excluded_drugs","none",33
"PRIOR_TREATMENT","drug","excluded_agents","none",12
"PRIOR_TREATMENT","drug","excluded_therapy","none",13
"PRIOR_TREATMENT","drug","excluded_therapies","none",30
"PRIOR_TREATMENT","drug","excluded_prior_therapy","none",23
"PRIOR_TREATMENT","drug","excluded_prior_therapies","none",7
"PRIOR_TREATMENT","drug","excluded_prior_drugs","none",4
"PRIOR_TREATMENT","drug","excluded_prior_treatments","none",2
"PRIOR_TREATMENT","drug","excluded_prior_drug","none",2
"PRIOR_TREATMENT","drug","excluded_prior_treatment","none",2
"PRIOR_TREATMENT","drug","excluded_treatment","none",7
"PRIOR_TREATMENT","drug","excluded_treatments","none",6
"PRIOR_TREATMENT","drug","excluded_drug_class","none",7
"PRIOR_TREATMENT","drug","excluded_drug_classes","none",2
"PRIOR_TREATMENT","drug","excluded_medications","none",4
"PRIOR_TREATMENT","drug","prior_drugs","none",5
"PRIOR_TREATMENT","drug","prior_drugs_excluded","none",6
"PRIOR_TREATMENT","drug","drugs","none",17
"PRIOR_TREATMENT","drug","medications","none",15
"PRIOR_TREATMENT","drug","therapies","none",8
"PRIOR_TREATMENT","drug","treatments","none",5
"PRIOR_TREATMENT","drug","current_therapy","none",3
"PRIOR_TREATMENT","drug","prior_medication","none",2
"PRIOR_TREATMENT","drug","prior_agents","none",4
"PRIOR_TREATMENT","drug","required_agents","none",2
"PRIOR_TREATMENT","drug","required_therapy","none",4
"PRIOR_TREATMENT","drug","required_prior_therapy","none",5
"PRIOR_TREATMENT","drug","required_prior_treatment","none",3
"PRIOR_TREATMENT","drug","required_treatment","none",2
"PRIOR_TREATMENT","exception","exception","none",40
"PRIOR_TREATMENT","exception","exceptions","none",45
"PRIOR_TREATMENT","exception","allowed","none",6
"PRIOR_TREATMENT","exception","allowed_drugs","none",3
"PRIOR_TREATMENT","exception","allowed_therapies","none",2
"PRIOR_TREATMENT","exception","restrictions","none",2
"PRIOR_TREATMENT","max_prior_lines","max_prior_lines","none",10
"PRIOR_TREATMENT","max_prior_lines","max_prior_regimens","none",6
"PRIOR_TREATMENT","max_prior_lines","max_prior_chemo_regimens","none",7
"PRIOR_TREATMENT","max_prior_lines","max_prior_chemotherapy_regimens","none",3
"PRIOR_TREATMENT","max_prior_lines","max_prior_chemotherapy_lines","none",3
"PRIOR_TREATMENT","max_prior_lines","max_prior_chemotherapy","none",2
"PRIOR_TREATMENT","max_prior_lines","maximum_prior_regimens","none",2
"PRIOR_TREATMENT","max_prior_lines","maximum_prior_chemotherapy_regimens","none",2
"PRIOR_TREATMENT","max_prior_lines","prior_lines_max","none",4
"PRIOR_TREATMENT","max_prior_lines","prior_treatments_max","none",3
"PRIOR_TREATMENT","max_prior_lines","max_prior_chemo_lines","none",2
"PRIOR_TREATMENT","max_prior_lines","max_courses","none",2
"PRIOR_TREATMENT","min_prior_lines","min_prior_lines","none",5
"PRIOR_TREATMENT","min_prior_lines","prior_lines_min","none",7
"PRIOR_TREATMENT","min_prior_lines","prior_treatments_min","none",4
"PRIOR_TREATMENT","min_prior_lines","prior_regimens_min","none",3
"PRIOR_TREATMENT","min_prior_lines","prior_treatments_required","none",3
"PRIOR_TREATMENT","min_prior_lines","min_regimens","none",2
"PRIOR_TREATMENT","min_prior_lines","minimum_prior_treatments","none",2
"PRIOR_TREATMENT","min_prior_lines","min_prior_lines","none",5
"PRIOR_TREATMENT","min_prior_lines","prior_platinum_regimens_min","none",3
"PRIOR_TREATMENT","min_prior_lines","min_cycles","none",6
"PRIOR_TREATMENT","min_prior_lines","minimum_cycles","none",2
"PRIOR_TREATMENT","min_prior_lines","cycles_min","none",2
"PRIOR_TREATMENT","min_prior_lines","prior_treatments_required","none",3
"PRIOR_TREATMENT","prior_therapy_excluded","prior_therapy_excluded","none",32
"PRIOR_TREATMENT","prior_therapy_excluded","prior_treatment_excluded","none",7
"PRIOR_TREATMENT","prior_therapy_excluded","prior_chemotherapy_excluded","none",9
"PRIOR_TREATMENT","prior_therapy_excluded","prior_immunotherapy_excluded","none",7
"PRIOR_TREATMENT","prior_therapy_excluded","prior_radiotherapy_excluded","none",3
"PRIOR_TREATMENT","prior_therapy_excluded","prior_radiation_excluded","none",4
"PRIOR_TREATMENT","prior_therapy_excluded","prior_systemic_therapy_excluded","none",3
"PRIOR_TREATMENT","prior_therapy_excluded","prior_cancer_therapy_excluded","none",2
"PRIOR_TREATMENT","prior_therapy_excluded","prior_biologic_therapy_excluded","none",2
"PRIOR_TREATMENT","prior_therapy_excluded","prior_tocilizumab_excluded","none",2
"PRIOR_TREATMENT","prior_therapy_excluded","prior_rituximab_excluded","none",2
"PRIOR_TREATMENT","prior_therapy_excluded","prior_transplant_excluded","none",3
"PRIOR_TREATMENT","prior_therapy_excluded","allogeneic_sct_excluded","none",4
"PRIOR_TREATMENT","prior_therapy_excluded","allogeneic_transplant_excluded","none",4
"PRIOR_TREATMENT","prior_therapy_excluded","organ_transplant_excluded","none",2
"PRIOR_TREATMENT","prior_therapy_excluded","solid_organ_transplant_excluded","none",2
"PRIOR_TREATMENT","prior_therapy_excluded","checkpoint_inhibitors_excluded","none",2
"PRIOR_TREATMENT","prior_therapy_excluded","braf_inhibitor_excluded","none",3
"PRIOR_TREATMENT","prior_therapy_excluded","mek_inhibitor_excluded","none",3
"PRIOR_TREATMENT","prior_therapy_excluded","hormonal_therapy_excluded","none",2
"PRIOR_TREATMENT","prior_therapy_excluded","recent_chemotherapy_excluded","none",2
"PRIOR_TREATMENT","prior_therapy_excluded","investigational_therapy_excluded","none",2
"PRIOR_TREATMENT","prior_therapy_excluded","immunostimulatory_agents_excluded","none",2
"PRIOR_TREATMENT","prior_therapy_excluded","prior_cd137_agonist_excluded","none",2
"PRIOR_TREATMENT","prior_therapy_excluded","prior_vegf_inhibitors","none",2
"PRIOR_TREATMENT","prior_therapy_excluded","prior_anti_pd1","none",2
"PRIOR_TREATMENT","prior_therapy_excluded","prior_anti_pdl1","none",2
"PRIOR_TREATMENT","prior_therapy_excluded","tigit_prohibited","none",2
"PRIOR_TREATMENT","prior_therapy_excluded","active_gvhd_excluded","none",2
"PRIOR_TREATMENT","treatment_naive","treatment_naive","none",8
"PRIOR_TREATMENT","treatment_naive","treatment_naive_required","none",2
"PRIOR_TREATMENT","treatment_naive","chemotherapy_naive","none",4
"PRIOR_TREATMENT","treatment_naive","no_prior_systemic_therapy","none",7
"PRIOR_TREATMENT","treatment_naive","no_prior_chemotherapy","none",4
"PRIOR_TREATMENT","treatment_naive","no_prior_radiotherapy","none",3
"PRIOR_TREATMENT","treatment_naive","no_prior_therapy","none",2
"PRIOR_TREATMENT","treatment_naive","no_prior_biologics","none",2
"PRIOR_TREATMENT","status","status","none",11
"PRIOR_TREATMENT","status","disease_status","none",6
"PRIOR_TREATMENT","status","treatment_status","none",5
"PRIOR_TREATMENT","status","response","none",10
"PRIOR_TREATMENT","status","response_status","none",5
"PRIOR_TREATMENT","status","response_required","none",2
"PRIOR_TREATMENT","status","response_level","none",2
"PRIOR_TREATMENT","status","therapy_status","none",2
"PRIOR_TREATMENT","status","progression_required","none",2
"PRIOR_TREATMENT","status","refractory_to_last_line","none",2
"PRIOR_TREATMENT","status","progression_status","none",2
"PRIOR_TREATMENT","status","best_response","none",3
"PRIOR_TREATMENT","status","prior_therapy_status","none",2
"PRIOR_TREATMENT","status","inadequate_response","none",2
"PRIOR_TREATMENT","recovery_required","recovery_required","none",3
"PRIOR_TREATMENT","recovery_required","recovery_from_prior_ae_required","none",3
"PRIOR_TREATMENT","recovery_required","recovery_requirement","none",3
"PRIOR_TREATMENT","min_duration_weeks","min_duration_weeks","none",9
"PRIOR_TREATMENT","min_duration_weeks","duration_weeks","none",13
"PRIOR_TREATMENT","min_duration_weeks","treatment_weeks","none",3
"PRIOR_TREATMENT","min_duration_weeks","prior_treatment_weeks","none",3
"PRIOR_TREATMENT","min_duration_weeks","prior_therapy_weeks","none",2
"PRIOR_TREATMENT","min_duration_weeks","duration_weeks_min","none",2
"PRIOR_TREATMENT","min_duration_weeks","stable_duration_weeks","none",3
"PRIOR_TREATMENT","min_duration_weeks","min_duration_months","none",4
"PRIOR_TREATMENT","min_duration_weeks","min_stable_weeks","none",3
"CONCOMITANT_MEDS","washout_days","washout_days","none",165
"CONCOMITANT_MEDS","washout_days","lookback_days","none",14
"CONCOMITANT_MEDS","washout_days","washout_weeks","weeks_to_days",77
"CONCOMITANT_MEDS","washout_days","lookback_weeks","weeks_to_days",19
"CONCOMITANT_MEDS","washout_days","washout_months","months_to_days",18
"CONCOMITANT_MEDS","washout_days","lookback_months","months_to_days",5
"CONCOMITANT_MEDS","drug","medication","none",91
"CONCOMITANT_MEDS","drug","medications","none",21
"CONCOMITANT_MEDS","drug","drug","none",19
"CONCOMITANT_MEDS","drug","drugs","none",13
"CONCOMITANT_MEDS","drug","excluded_drugs","none",27
"CONCOMITANT_MEDS","drug","excluded_medications","none",26
"CONCOMITANT_MEDS","drug","excluded_drug","none",6
"CONCOMITANT_MEDS","drug","excluded_medication","none",12
"CONCOMITANT_MEDS","exception","exception","none",34
"CONCOMITANT_MEDS","exception","exceptions","none",32
"CONCOMITANT_MEDS","requirement","requirement","none",23
"SURGERY","washout_days","washout_days","none",141
"SURGERY","washout_days","major_surgery_washout_days","none",29
"SURGERY","washout_days","minor_surgery_washout_days","none",17
"SURGERY","washout_days","surgery_washout_days","none",11
"SURGERY","washout_days","timeframe_days","none",12
"SURGERY","washout_days","washout_weeks","weeks_to_days",63
"SURGERY","washout_days","lookback_weeks","weeks_to_days",10
"SURGERY","washout_days","washout_months","months_to_days",9
"SURGERY","procedure","procedure","none",9
"SURGERY","procedure","procedures","none",5
"SURGERY","procedure","surgery_type","none",9
"SURGERY","procedure","excluded_procedure","none",5
"SURGERY","procedure","excluded_procedures","none",6
"AGE","min_age","min_age","none",462
"AGE","min_age","age_min","none",12
"AGE","min_age","min","none",21
"AGE","max_age","max_age","none",141
"AGE","max_age","age_max","none",4
"AGE","max_age","max","none",10
"AGE","gender","gender","none",24
"AGE","unit","unit","none",61
"PREGNANCY_CONTRACEPTION","pregnancy_excluded","pregnancy_excluded","none",846
"PREGNANCY_CONTRACEPTION","breastfeeding_excluded","breastfeeding_excluded","none",157
"PREGNANCY_CONTRACEPTION","breastfeeding_excluded","lactation_excluded","none",115
"PREGNANCY_CONTRACEPTION","breastfeeding_excluded","lactating_excluded","none",72
"PREGNANCY_CONTRACEPTION","contraception_required","contraception_required","none",351
"PREGNANCY_CONTRACEPTION","contraception_required","requires_contraception","none",66
"PREGNANCY_CONTRACEPTION","pregnancy_test_required","pregnancy_test_required","none",154
"PREGNANCY_CONTRACEPTION","duration_months","duration_months","none",67
"PREGNANCY_CONTRACEPTION","duration_months","duration_weeks","none",10
"PREGNANCY_CONTRACEPTION","applies_to","applies_to","none",52
"PREGNANCY_CONTRACEPTION","applies_to","gender","none",14
"PREGNANCY_CONTRACEPTION","applies_to","population","none",25
"INFECTION","hiv_excluded","hiv_excluded","none",412
"INFECTION","hiv_excluded","hiv","none",25
"INFECTION","hbv_excluded","hbv_excluded","none",310
"INFECTION","hbv_excluded","hbv","none",10
"INFECTION","hcv_excluded","hcv_excluded","none",282
"INFECTION","hcv_excluded","hcv","none",13
"INFECTION","active_infection_excluded","active_infection_excluded","none",39
"INFECTION","washout_days","washout_days","none",38
"INFECTION","washout_days","washout_weeks","weeks_to_days",37
"INFECTION","infection_type","infection","none",38
"INFECTION","infection_type","infections","none",38
"INFECTION","infection_type","condition","none",30
"INFECTION","infection_type","conditions","none",6
"INFECTION","infection_type","excluded_condition","none",11
"INFECTION","infection_type","excluded_conditions","none",4
"PERFORMANCE_STATUS","ecog_min","ecog_min","none",216
"PERFORMANCE_STATUS","ecog_min","min","none",9
"PERFORMANCE_STATUS","ecog_max","ecog_max","none",269
"PERFORMANCE_STATUS","ecog_max","max","none",11
"PERFORMANCE_STATUS","karnofsky_min","karnofsky_min","none",25
"PERFORMANCE_STATUS","scale","scale","none",10
"CNS","cns_excluded","cns_excluded","none",208
"CNS","cns_excluded","cns_disease_excluded","none",19
"CNS","cns_excluded","brain_metastases_excluded","none",16
"CNS","cns_excluded","cns_metastases_excluded","none",40
"CNS","cns_excluded","leptomeningeal_excluded","none",10
"CNS","exception","exception","none",19
"CNS","exception","exceptions","none",5
"CNS","condition","condition","none",39
"CNS","condition","conditions","none",10
"CNS","condition","excluded_conditions","none",12
"CNS","condition","excluded_condition","none",7
"CARDIAC","lvef_min","lvef_min","none",37
"CARDIAC","lvef_min","lvef_minimum","none",7
"CARDIAC","nyha_max","nyha_max","none",35
"CARDIAC","sbp_max","sbp_max","none",20
"CARDIAC","sbp_max","systolic_max","none",18
"CARDIAC","dbp_max","dbp_max","none",19
"CARDIAC","dbp_max","diastolic_max","none",18
"CARDIAC","qtcf_max","qtcf_max","none",1
"CARDIAC","qtcf_max","qtc_max","none",9
"CARDIAC","condition","condition","none",61
"CARDIAC","condition","conditions","none",35
"CARDIAC","condition","excluded_conditions","none",27
"CARDIAC","condition","excluded_condition","none",14
"CARDIAC","washout_months","washout_months","none",89
"CARDIAC","washout_months","lookback_months","none",35
"OTHER_MALIGNANCY","lookback_years","lookback_years","none",48
"OTHER_MALIGNANCY","lookback_years","washout_years","none",49
"OTHER_MALIGNANCY","lookback_years","timeframe_years","none",46
"OTHER_MALIGNANCY","lookback_years","years","none",19
"OTHER_MALIGNANCY","lookback_years","prior_malignancy_years","none",13
"OTHER_MALIGNANCY","lookback_years","prior_malignancy_washout_years","none",13
"OTHER_MALIGNANCY","lookback_years","lookback_years","none",48
"OTHER_MALIGNANCY","exception","exceptions","none",235
"OTHER_MALIGNANCY","exception","exception","none",24
"OTHER_MALIGNANCY","prior_malignancy_excluded","prior_malignancy_excluded","none",25
"OTHER_MALIGNANCY","prior_malignancy_excluded","other_malignancy_excluded","none",21
"AUTOIMMUNE","autoimmune_excluded","autoimmune_excluded","none",134
"AUTOIMMUNE","autoimmune_excluded","autoimmune_disease_excluded","none",14
"AUTOIMMUNE","exception","exception","none",17
"AUTOIMMUNE","exception","exceptions","none",31
"AUTOIMMUNE","condition","condition","none",5
"AUTOIMMUNE","condition","conditions","none",6
"AUTOIMMUNE","condition","excluded_conditions","none",14
"AUTOIMMUNE","condition","excluded_condition","none",3
"BLEEDING_COAGULATION","bleeding_excluded","bleeding_diathesis_excluded","none",19
"BLEEDING_COAGULATION","bleeding_excluded","coagulopathy_excluded","none",11
"BLEEDING_COAGULATION","inr_max","inr_max","none",19
"BLEEDING_COAGULATION","condition","condition","none",18
"BLEEDING_COAGULATION","condition","conditions","none",5
"BLEEDING_COAGULATION","condition","excluded_condition","none",8
"BLEEDING_COAGULATION","condition","excluded_conditions","none",6
"BODY_WEIGHT","bmi_min","bmi_min","none",106
"BODY_WEIGHT","bmi_max","bmi_max","none",105
"BODY_WEIGHT","weight_min_kg","weight_min_kg","none",14
"BODY_WEIGHT","weight_min_kg","weight_min","none",4
"BODY_WEIGHT","weight_max_kg","weight_max_kg","none",9
"BODY_WEIGHT","weight_max_kg","weight_max","none",4
"ALLERGY","allergen","drug","none",31
"ALLERGY","allergen","drugs","none",18
"ALLERGY","allergen","allergen","none",18
"ALLERGY","allergen","allergens","none",13
"ALLERGY","allergen","medication","none",10
"ALLERGY","allergen","excluded_drugs","none",11
"ALLERGY","allergen","allergy_type","none",13
"ALLERGY","allergen","allergens","none",13
"ALLERGY","severity","severity","none",11
"SUBSTANCE_ABUSE","substance_excluded","substance_abuse_excluded","none",13
"SUBSTANCE_ABUSE","substance_excluded","drug_abuse_excluded","none",5
"SUBSTANCE_ABUSE","substance_excluded","tobacco_excluded","none",1
"SUBSTANCE_ABUSE","substance_excluded","current_smoker_excluded","none",1
"SUBSTANCE_ABUSE","substance_excluded","alcohol_excluded","none",1
"DIAGNOSIS","diagnosis","diagnosis","none",546
"DIAGNOSIS","diagnosis","disease","none",261
"DIAGNOSIS","diagnosis","condition","none",179
"DIAGNOSIS","diagnosis","disease_type","none",50
"DIAGNOSIS","diagnosis","cancer_type","none",43
"DIAGNOSIS","diagnosis","tumor_type","none",10
"DIAGNOSIS","diagnosis","disease_types","none",8
"DIAGNOSIS","diagnosis","cancer_types","none",9
"DIAGNOSIS","diagnosis","tumor_types","none",4
"DIAGNOSIS","diagnosis","diagnoses","none",18
"DIAGNOSIS","diagnosis","conditions","none",16
"DIAGNOSIS","diagnosis","diseases","none",6
"DIAGNOSIS","stage","stage","none",167
"DIAGNOSIS","stage","stages","none",12
"DIAGNOSIS","stage","disease_stage","none",25
"DIAGNOSIS","stage","disease_status","none",29
"DIAGNOSIS","stage","grade","none",11
"DIAGNOSIS","stage","grades","none",3
"DIAGNOSIS","confirmation_method","confirmation","none",44
"DIAGNOSIS","confirmation_method","confirmation_method","none",37
"DIAGNOSIS","confirmation_method","confirmation_type","none",12
"DIAGNOSIS","confirmation_method","confirmed_by","none",7
"DIAGNOSIS","confirmation_method","confirmed_type","none",2
"DIAGNOSIS","confirmation_method","documentation","none",7
"DIAGNOSIS","confirmation_method","documentation_required","none",3
"DIAGNOSIS","confirmation_method","diagnostic_criteria","none",19
"DIAGNOSIS","histology","histology","none",39
"DIAGNOSIS","histology","histology_required","none",8
"DIAGNOSIS","histology","histologically_confirmed","none",17
"DIAGNOSIS","histology","histological_confirmation","none",5
"DIAGNOSIS","histology","requires_histologic_confirmation","none",4
"DIAGNOSIS","histology","requires_histology","none",3
"DIAGNOSIS","histology","excluded_histology","none",8
"DIAGNOSIS","histology","histology_types","none",2
"DIAGNOSIS","histology","histology_excluded","none",3
"DIAGNOSIS","measurable_disease","requires_measurable_disease","none",60
"DIAGNOSIS","measurable_disease","measurable_disease","none",21
"DIAGNOSIS","measurable_disease","measurable_disease_required","none",14
"DIAGNOSIS","measurable_disease","measurable","none",5
"DIAGNOSIS","measurable_disease","requires_measurable","none",7
"DIAGNOSIS","measurable_disease","measurable_required","none",2
"DIAGNOSIS","measurable_disease","measurable_lesion_required","none",5
"DIAGNOSIS","measurable_disease","measurement_criteria","none",4
"DIAGNOSIS","biomarker","biomarker","none",38
"DIAGNOSIS","biomarker","biomarkers","none",5
"DIAGNOSIS","biomarker","her2_status","none",17
"DIAGNOSIS","biomarker","her2_positive","none",4
"DIAGNOSIS","biomarker","her2_positive_excluded","none",2
"DIAGNOSIS","biomarker","cd20_positive","none",4
"DIAGNOSIS","biomarker","cd20_status","none",4
"DIAGNOSIS","biomarker","er_status","none",2
"DIAGNOSIS","duration_months","duration_months","none",36
"DIAGNOSIS","duration_months","disease_duration_months","none",9
"DIAGNOSIS","duration_months","min_duration_months","none",6
"DIAGNOSIS","duration_months","duration_months_min","none",4
"DIAGNOSIS","duration_months","min_disease_duration_months","none",2
"DIAGNOSIS","duration_months","disease_duration_years","none",4
"DIAGNOSIS","duration_months","duration_years","none",3
"DIAGNOSIS","duration_months","duration_weeks","none",3
"DIAGNOSIS","severity","severity","none",35
"DIAGNOSIS","severity","risk_category","none",3
"DIAGNOSIS","severity","high_risk","none",2
"DIAGNOSIS","excluded_diagnosis","excluded_diagnosis","none",20
"DIAGNOSIS","excluded_diagnosis","excluded_diagnoses","none",12
"DIAGNOSIS","excluded_diagnosis","excluded_condition","none",13
"DIAGNOSIS","excluded_diagnosis","excluded_conditions","none",8
"DIAGNOSIS","excluded_diagnosis","diagnosis_excluded","none",7
"DIAGNOSIS","excluded_diagnosis","condition_excluded","none",5
"DIAGNOSIS","excluded_diagnosis","conditions_excluded","none",4
"DIAGNOSIS","excluded_diagnosis","exclusions","none",3
"DIAGNOSIS","excluded_diagnosis","excludes","none",8
"DIAGNOSIS","excluded_diagnosis","excluded","none",7
"DIAGNOSIS","excluded_diagnosis","excluded_subtype","none",2
"DIAGNOSIS","excluded_diagnosis","excluded_subtypes","none",2
"DIAGNOSIS","excluded_diagnosis","excluded_locations","none",2
"DIAGNOSIS","excluded_diagnosis","exclusion","none",9
"DIAGNOSIS","excluded_diagnosis","exclusion_diagnosis","none",4
"DIAGNOSIS","prior_treatment","prior_treatment","none",22
"DIAGNOSIS","prior_treatment","treatment_status","none",11
"DIAGNOSIS","prior_treatment","treatment_naive","none",5
"DIAGNOSIS","prior_treatment","previously_treated","none",2
"DIAGNOSIS","prior_treatment","prior_therapy","none",9
"DIAGNOSIS","prior_treatment","prior_therapy_required","none",6
"DIAGNOSIS","prior_treatment","prior_therapy_status","none",2
"DIAGNOSIS","prior_treatment","prior_treatment_required","none",5
"DIAGNOSIS","prior_treatment","prior_systemic_therapy","none",2
"DIAGNOSIS","prior_treatment","prior_therapy_count","none",2
"DIAGNOSIS","prior_treatment","prior_regimens_min","none",5
"DIAGNOSIS","prior_treatment","prior_therapies_min","none",3
"DIAGNOSIS","gender","gender","none",13
"DIAGNOSIS","gender","menopausal_status","none",2
